Workbook

Sheet Data
A1: id | B1: name | C1: slug | D1: link | E1: horizontalImage | F1: channel | G1: display-name
A2: 2 | B2: VTV1 HD | C2: vtv1-hd | D2: https://tv360.vn/tv/vtv1-hd?ch=2 | E2: https://img-zlr1.tv360.vn/image1/2020_09_23/1600822355845/94d27f7043a6_640_360.png | F2: =IFERROR(VLOOKUP(A2,'Tham chiếu'!$A:$G,6,FALSE),"") -> vtv1-hd | G2: =IFERROR(VLOOKUP(A2,'Tham chiếu'!$A:$G,7,FALSE),"") -> VTV1 HD
A3: 20 | B3: ANTV | C3: antv | D3: https://tv360.vn/tv/antv?ch=20 | E3: https://img-zlr1.tv360.vn/image1/2020_09_23/1600822516608/b33963dc0df8_640_360.png | F3: =IFERROR(VLOOKUP(A3,'Tham chiếu'!$A:$G,6,FALSE),"") -> antv | G3: =IFERROR(VLOOKUP(A3,'Tham chiếu'!$A:$G,7,FALSE),"") -> ANTV
A4: 19 | B4: QPVN HD | C4: qpvn-hd | D4: https://tv360.vn/tv/qpvn-hd?ch=19 | E4: https://img-zlr1.tv360.vn/image1/2020_09_23/1600822254297/3c150355b7f8_640_360.png | F4: =IFERROR(VLOOKUP(A4,'Tham chiếu'!$A:$G,6,FALSE),"") -> qpvn-hd | G4: =IFERROR(VLOOKUP(A4,'Tham chiếu'!$A:$G,7,FALSE),"") -> QPVN HD
A5: 110 | B5: VTV5 HD | C5: vtv5-hd | D5: https://tv360.vn/tv/vtv5-hd?ch=110 | E5: https://img-zlr1.tv360.vn/image1/2023/06/15/08/1686794357811/c08ce385651d_640_360.png | F5: =IFERROR(VLOOKUP(A5,'Tham chiếu'!$A:$G,6,FALSE),"") -> vtv5-hd | G5: =IFERROR(VLOOKUP(A5,'Tham chiếu'!$A:$G,7,FALSE),"") -> VTV5 HD
A6: 9951 | B6: VIETNAM TODAY HD | C6: vietnam-today-hd | D6: https://tv360.vn/tv/vietnam-today-hd?ch=9951 | E6: https://img-zlr1.tv360.vn/image1/2025/12/05/09/1764903286193/46f72417f718_640_360.png | F6: =IFERROR(VLOOKUP(A6,'Tham chiếu'!$A:$G,6,FALSE),"") -> vietnam-today-hd | G6: =IFERROR(VLOOKUP(A6,'Tham chiếu'!$A:$G,7,FALSE),"") -> VIETNAM TODAY HD
A7: 3 | B7: VTV2 HD | C7: vtv2-hd | D7: https://tv360.vn/tv/vtv2-hd?ch=3 | E7: https://img-zlr1.tv360.vn/image1/2024/12/06/22/1733499750594/3ee337ec7e2b_640_360.png | F7: =IFERROR(VLOOKUP(A7,'Tham chiếu'!$A:$G,6,FALSE),"") -> vtv2-hd | G7: =IFERROR(VLOOKUP(A7,'Tham chiếu'!$A:$G,7,FALSE),"") -> VTV2 HD
A8: 4 | B8: VTV3 HD | C8: vtv3-hd | D8: https://tv360.vn/tv/vtv3-hd?ch=4 | E8: https://img-zlr1.tv360.vn/image1/2024/12/06/22/1733499800775/81ec5a1d4242_640_360.png | F8: =IFERROR(VLOOKUP(A8,'Tham chiếu'!$A:$G,6,FALSE),"") -> vtv3-hd | G8: =IFERROR(VLOOKUP(A8,'Tham chiếu'!$A:$G,7,FALSE),"") -> VTV3 HD
A9: 108 | B9: VTV4 HD | C9: vtv4-hd | D9: https://tv360.vn/tv/vtv4-hd?ch=108 | E9: https://img-zlr1.tv360.vn/image1/2020_09_23/1600822540493/79943158bdd1_640_360.png | F9: =IFERROR(VLOOKUP(A9,'Tham chiếu'!$A:$G,6,FALSE),"") -> vtv4-hd | G9: =IFERROR(VLOOKUP(A9,'Tham chiếu'!$A:$G,7,FALSE),"") -> VTV4 HD
A10: 207 | B10: VTV5 Tây Nguyên | C10: vtv5-tay-nguyen | D10: https://tv360.vn/tv/vtv5-tay-nguyen?ch=207 | E10: https://img-zlr1.tv360.vn/image1/2024/10/07/13/1728284300790/792061a8f346_640_360.png | F10: =IFERROR(VLOOKUP(A10,'Tham chiếu'!$A:$G,6,FALSE),"") -> vtv5-tay-nguyen | G10: =IFERROR(VLOOKUP(A10,'Tham chiếu'!$A:$G,7,FALSE),"") -> VTV5 Tây Nguyên
A11: 157 | B11: VTV5 Tây Nam Bộ | C11: vtv5-tay-nam-bo | D11: https://tv360.vn/tv/vtv5-tay-nam-bo?ch=157 | E11: https://img-zlr1.tv360.vn/image1/2024/10/07/13/1728284084741/78fe644fb1ff_640_360.png | F11: =IFERROR(VLOOKUP(A11,'Tham chiếu'!$A:$G,6,FALSE),"") -> vtv5-tay-nam-bo | G11: =IFERROR(VLOOKUP(A11,'Tham chiếu'!$A:$G,7,FALSE),"") -> VTV5 Tây Nam Bộ
A12: 10043 | B12: VTV6 HD | C12: vtv6-hd | D12: https://tv360.vn/tv/vtv6-hd?ch=10043 | E12: https://img-zlr1.tv360.vn/image1/2026/06/08/08/178088041953/212d026a8523_640_360.png | F12: =IFERROR(VLOOKUP(A12,'Tham chiếu'!$A:$G,6,FALSE),"") -> vtv6-hd | G12: =IFERROR(VLOOKUP(A12,'Tham chiếu'!$A:$G,7,FALSE),"") -> VTV6 HD
A13: 6 | B13: VTV7 HD | C13: vtv7-hd | D13: https://tv360.vn/tv/vtv7-hd?ch=6 | E13: https://img-zlr1.tv360.vn/image1/2026/06/11/10/1781148165425/bb8d7ab62fcb_640_360.png | F13: =IFERROR(VLOOKUP(A13,'Tham chiếu'!$A:$G,6,FALSE),"") -> vtv7-hd | G13: =IFERROR(VLOOKUP(A13,'Tham chiếu'!$A:$G,7,FALSE),"") -> VTV7 HD
... A175: 9965 | B175: Bóng chuyền | C175: bong-chuyen | D175: https://tv360.vn/tv/bong-chuyen?ch=9965 | E175: https://img-zlr1.tv360.vn/image1/2026/08/21/10/1787282358832/d1274ba32e94_640_360.png | F175: =IFERROR(VLOOKUP(A175,'Tham chiếu'!$A:$G,6,FALSE),"") -> bong-chuyen | G175: =IFERROR(VLOOKUP(A175,'Tham chiếu'!$A:$G,7,FALSE),"") -> Bóng chuyền
F176: =IFERROR(VLOOKUP(A176,'Tham chiếu'!$A:$G,6,FALSE),"") | G176: =IFERROR(VLOOKUP(A176,'Tham chiếu'!$A:$G,7,FALSE),"")
F177: =IFERROR(VLOOKUP(A177,'Tham chiếu'!$A:$G,6,FALSE),"") | G177: =IFERROR(VLOOKUP(A177,'Tham chiếu'!$A:$G,7,FALSE),"")
F178: =IFERROR(VLOOKUP(A178,'Tham chiếu'!$A:$G,6,FALSE),"") | G178: =IFERROR(VLOOKUP(A178,'Tham chiếu'!$A:$G,7,FALSE),"")
F179: =IFERROR(VLOOKUP(A179,'Tham chiếu'!$A:$G,6,FALSE),"") | G179: =IFERROR(VLOOKUP(A179,'Tham chiếu'!$A:$G,7,FALSE),"")
F180: =IFERROR(VLOOKUP(A180,'Tham chiếu'!$A:$G,6,FALSE),"") | G180: =IFERROR(VLOOKUP(A180,'Tham chiếu'!$A:$G,7,FALSE),"")
F181: =IFERROR(VLOOKUP(A181,'Tham chiếu'!$A:$G,6,FALSE),"") | G181: =IFERROR(VLOOKUP(A181,'Tham chiếu'!$A:$G,7,FALSE),"")
F182: =IFERROR(VLOOKUP(A182,'Tham chiếu'!$A:$G,6,FALSE),"") | G182: =IFERROR(VLOOKUP(A182,'Tham chiếu'!$A:$G,7,FALSE),"")
F183: =IFERROR(VLOOKUP(A183,'Tham chiếu'!$A:$G,6,FALSE),"") | G183: =IFERROR(VLOOKUP(A183,'Tham chiếu'!$A:$G,7,FALSE),"")
F184: =IFERROR(VLOOKUP(A184,'Tham chiếu'!$A:$G,6,FALSE),"") | G184: =IFERROR(VLOOKUP(A184,'Tham chiếu'!$A:$G,7,FALSE),"")
F185: =IFERROR(VLOOKUP(A185,'Tham chiếu'!$A:$G,6,FALSE),"") | G185: =IFERROR(VLOOKUP(A185,'Tham chiếu'!$A:$G,7,FALSE),"")
F186: =IFERROR(VLOOKUP(A186,'Tham chiếu'!$A:$G,6,FALSE),"") | G186: =IFERROR(VLOOKUP(A186,'Tham chiếu'!$A:$G,7,FALSE),"")
F187: =IFERROR(VLOOKUP(A187,'Tham chiếu'!$A:$G,6,FALSE),"") | G187: =IFERROR(VLOOKUP(A187,'Tham chiếu'!$A:$G,7,FALSE),"")
... F207: =IFERROR(VLOOKUP(A207,'Tham chiếu'!$A:$G,6,FALSE),"") | G207: =IFERROR(VLOOKUP(A207,'Tham chiếu'!$A:$G,7,FALSE),"")

Sheet Tham chiếu
A1: id | B1: name | C1: slug | D1: link | E1: horizontalImage | F1: channel | G1: display-name
A2: 2 | B2: VTV1 HD | C2: vtv1-hd | D2: https://tv360.vn/tv/vtv1-hd?ch=2 | E2: https://img-zlr1.tv360.vn/image1/2020_09_23/1600822355845/94d27f7043a6_640_360.png | F2: vtv1-hd | G2: VTV1 HD
A3: 20 | B3: ANTV | C3: antv | D3: https://tv360.vn/tv/antv?ch=20 | E3: https://img-zlr1.tv360.vn/image1/2020_09_23/1600822516608/b33963dc0df8_640_360.png | F3: antv | G3: ANTV
A4: 19 | B4: QPVN HD | C4: qpvn-hd | D4: https://tv360.vn/tv/qpvn-hd?ch=19 | E4: https://img-zlr1.tv360.vn/image1/2020_09_23/1600822254297/3c150355b7f8_640_360.png | F4: qpvn-hd | G4: QPVN HD
A5: 110 | B5: VTV5 HD | C5: vtv5-hd | D5: https://tv360.vn/tv/vtv5-hd?ch=110 | E5: https://img-zlr1.tv360.vn/image1/2023/06/15/08/1686794357811/c08ce385651d_640_360.png | F5: vtv5-hd | G5: VTV5 HD
A6: 9951 | B6: VIETNAM TODAY HD | C6: vietnam-today-hd | D6: https://tv360.vn/tv/vietnam-today-hd?ch=9951 | E6: https://img-zlr1.tv360.vn/image1/2025/12/05/09/1764903286193/46f72417f718_640_360.png | F6: vietnam-today-hd | G6: VIETNAM TODAY HD
A7: 3 | B7: VTV2 HD | C7: vtv2-hd | D7: https://tv360.vn/tv/vtv2-hd?ch=3 | E7: https://img-zlr1.tv360.vn/image1/2024/12/06/22/1733499750594/3ee337ec7e2b_640_360.png | F7: vtv2-hd | G7: VTV2 HD
A8: 4 | B8: VTV3 HD | C8: vtv3-hd | D8: https://tv360.vn/tv/vtv3-hd?ch=4 | E8: https://img-zlr1.tv360.vn/image1/2024/12/06/22/1733499800775/81ec5a1d4242_640_360.png | F8: vtv3-hd | G8: VTV3 HD
A9: 108 | B9: VTV4 HD | C9: vtv4-hd | D9: https://tv360.vn/tv/vtv4-hd?ch=108 | E9: https://img-zlr1.tv360.vn/image1/2020_09_23/1600822540493/79943158bdd1_640_360.png | F9: vtv4-hd | G9: VTV4 HD
A10: 207 | B10: VTV5 Tây Nguyên | C10: vtv5-tay-nguyen | D10: https://tv360.vn/tv/vtv5-tay-nguyen?ch=207 | E10: https://img-zlr1.tv360.vn/image1/2024/10/07/13/1728284300790/792061a8f346_640_360.png | F10: vtv5-tay-nguyen | G10: VTV5 Tây Nguyên
A11: 157 | B11: VTV5 Tây Nam Bộ | C11: vtv5-tay-nam-bo | D11: https://tv360.vn/tv/vtv5-tay-nam-bo?ch=157 | E11: https://img-zlr1.tv360.vn/image1/2024/10/07/13/1728284084741/78fe644fb1ff_640_360.png | F11: vtv5-tay-nam-bo | G11: VTV5 Tây Nam Bộ
A12: 10043 | B12: VTV6 HD | C12: vtv6-hd | D12: https://tv360.vn/tv/vtv6-hd?ch=10043 | E12: https://img-zlr1.tv360.vn/image1/2026/06/08/08/178088041953/212d026a8523_640_360.png | F12: vtv6-hd | G12: VTV6 HD
... A175: 9965 | B175: Bóng chuyền | C175: bong-chuyen | D175: https://tv360.vn/tv/bong-chuyen?ch=9965 | E175: https://img-zlr1.tv360.vn/image1/2026/08/21/10/1787282358832/d1274ba32e94_640_360.png | F175: bong-chuyen | G175: Bóng chuyền
