Workbook

Sheet Sheet1
A1: STT | B1: Ghi chú | C1: channel_id | D1: name | E1: display-number | F1: channel | G1: display-name | H1: icon | I1: get_name | J1: get_rtp | K1: check_name
A2: 85 | B2: Đang lấy lịch phát sóng cho kênh: K+ Kids (HD) (ID: 748) | C2: 321 | D2: ABC Australia | E2: =C2 -> 321 | F2: =VLOOKUP(D2,Sheet2!D:E,2,0) -> abcaustralia | G2: =D2 -> ABC Australia | H2: =IFERROR(VLOOKUP(C2,[1]Sheet1!$A:$D,4,0),"") -> https://s2129132.cdn.mytvnet.vn/vimages/49/9c/c9/95/52/26/49c95-pabcaustralia-channel-unkn.png | I2: =IFERROR(VLOOKUP(C2,[1]Sheet1!$A:$D,2,0),"") -> ABC Australia | J2: =IFERROR(VLOOKUP(C2,[1]Sheet1!$A:$D,3,0),"") -> rtp://232.84.3.131:10482 | K2: =D2=I2 -> TRUE
A3: 110 | B3: Đang lấy lịch phát sóng cho kênh: ON InfoTV HD (ID: 437) | C3: 598 | D3: ABC Australia | E3: =C3 -> 598 | F3: =VLOOKUP(D3,Sheet2!D:E,2,0) -> abcaustralia | G3: =D3 -> ABC Australia | H3: =IFERROR(VLOOKUP(C3,[1]Sheet1!$A:$D,4,0),"") -> https://s2129132.cdn.mytvnet.vn/vimages/08/81/10/02/23/3b/08102-pabcaustralia-channel-unkn.png | I3: =IFERROR(VLOOKUP(C3,[1]Sheet1!$A:$D,2,0),"") -> ABC Australia | J3: =IFERROR(VLOOKUP(C3,[1]Sheet1!$A:$D,3,0),"") -> ABC Autrailia (OTT) | K3: =D3=I3 -> TRUE
A4: 138 | B4: Đang lấy lịch phát sóng cho kênh: SCTV11 (ID: 793) | C4: 433 | D4: An Giang 1 | E4: =C4 -> 433 | F4: =VLOOKUP(D4,Sheet2!D:E,2,0) -> angiang1 | G4: =D4 -> An Giang 1 | H4: =IFERROR(VLOOKUP(C4,[1]Sheet1!$A:$D,4,0),"") -> https://s2129132.cdn.mytvnet.vn/vimages/7d/d7/74/42/2c/c4/7d742-pangiang1-channel-unkn.png | I4: =IFERROR(VLOOKUP(C4,[1]Sheet1!$A:$D,2,0),"") -> An Giang 1 | J4: =IFERROR(VLOOKUP(C4,[1]Sheet1!$A:$D,3,0),"") -> rtp://232.84.3.161:10918 | K4: =D4=I4 -> TRUE
A5: 137 | B5: Đang lấy lịch phát sóng cho kênh: SCTV1 (ID: 769) | C5: 34 | D5: An Giang 2 | E5: =C5 -> 34 | F5: =VLOOKUP(D5,Sheet2!D:E,2,0) -> angiang2 | G5: =D5 -> An Giang 2 | H5: =IFERROR(VLOOKUP(C5,[1]Sheet1!$A:$D,4,0),"") -> https://s2129132.cdn.mytvnet.vn/vimages/21/19/97/73/3e/e0/21973-pangiang2-channel-unkn.png | I5: =IFERROR(VLOOKUP(C5,[1]Sheet1!$A:$D,2,0),"") -> An Giang 2 | J5: =IFERROR(VLOOKUP(C5,[1]Sheet1!$A:$D,3,0),"") -> rtp://232.84.3.81:11566 | K5: =D5=I5 -> TRUE
A6: 90 | B6: Đang lấy lịch phát sóng cho kênh: KBS World (ID: 306) | C6: 394 | D6: Animal Planet | E6: =C6 -> 394 | F6: =VLOOKUP(D6,Sheet2!D:E,2,0) -> animalhd | G6: =D6 -> Animal Planet | H6: =IFERROR(VLOOKUP(C6,[1]Sheet1!$A:$D,4,0),"") -> https://s2129132.cdn.mytvnet.vn/vimages/86/64/4a/a2/2d/dd/864a2-panimalplannethd-channel-unkn.png | I6: =IFERROR(VLOOKUP(C6,[1]Sheet1!$A:$D,2,0),"") -> Animal Plannet HD | J6: =IFERROR(VLOOKUP(C6,[1]Sheet1!$A:$D,3,0),"") -> rtp://232.84.3.139:10702 | K6: =D6=I6 -> FALSE
A7: 102 | B7: Đang lấy lịch phát sóng cho kênh: NHK World Japan HD (ID: 185) | C7: 589 | D7: Animal Planet | E7: =C7 -> 589 | F7: =VLOOKUP(D7,Sheet2!D:E,2,0) -> animalhd | G7: =D7 -> Animal Planet | H7: =IFERROR(VLOOKUP(C7,[1]Sheet1!$A:$D,4,0),"") -> https://s2129132.cdn.mytvnet.vn/vimages/c7/7d/df/fb/bc/c3/c7dfb-panimalplannethd-channel-unkn.png | I7: =IFERROR(VLOOKUP(C7,[1]Sheet1!$A:$D,2,0),"") -> Animal Plannet HD | J7: =IFERROR(VLOOKUP(C7,[1]Sheet1!$A:$D,3,0),"") -> 0 | K7: =D7=I7 -> FALSE
A8: 28 | B8: Đang lấy lịch phát sóng cho kênh: Box Hits (HD) (ID: 105) | C8: 35 | D8: ANTV | E8: =C8 -> 35 | F8: =VLOOKUP(D8,Sheet2!D:E,2,0) -> antvhd | G8: =D8 -> ANTV | H8: =IFERROR(VLOOKUP(C8,[1]Sheet1!$A:$D,4,0),"") -> https://s2129132.cdn.mytvnet.vn/vimages/ad/da/a5/5a/a6/69/ada5a-pantv-channel-unkn.png | I8: =IFERROR(VLOOKUP(C8,[1]Sheet1!$A:$D,2,0),"") -> ANTV | J8: =IFERROR(VLOOKUP(C8,[1]Sheet1!$A:$D,3,0),"") -> rtp://232.84.1.212:9246 | K8: =D8=I8 -> TRUE
A9: 89 | B9: Đang lấy lịch phát sóng cho kênh: K+ SPORT2 (HD) (ID: 247) | C9: 63 | D9: Arirang | E9: =C9 -> 63 | F9: =VLOOKUP(D9,Sheet2!D:E,2,0) -> arirang | G9: =D9 -> Arirang | H9: =IFERROR(VLOOKUP(C9,[1]Sheet1!$A:$D,4,0),"") -> https://s2129132.cdn.mytvnet.vn/vimages/48/8c/cf/f9/9e/e6/48cf9-parirang-channel-unkn.png | I9: =IFERROR(VLOOKUP(C9,[1]Sheet1!$A:$D,2,0),"") -> Arirang | J9: =IFERROR(VLOOKUP(C9,[1]Sheet1!$A:$D,3,0),"") -> rtp://232.84.1.43:8238 | K9: =D9=I9 -> TRUE
A10: 84 | B10: Đang lấy lịch phát sóng cho kênh: K+ Kids (ID: 751) | C10: 298 | D10: Asian Food Network | E10: =C10 -> 298 | F10: =VLOOKUP(D10,Sheet2!D:E,2,0) -> afnhd | G10: =D10 -> Asian Food Network | H10: =IFERROR(VLOOKUP(C10,[1]Sheet1!$A:$D,4,0),"") -> https://s2129132.cdn.mytvnet.vn/vimages/33/33/32/20/08/8d/33320-pasianfoodnetworkhd-channel-unkn.png | I10: =IFERROR(VLOOKUP(C10,[1]Sheet1!$A:$D,2,0),"") -> Asian Food Network (HD) | J10: =IFERROR(VLOOKUP(C10,[1]Sheet1!$A:$D,3,0),"") -> rtp://232.84.2.129:9570 | K10: =D10=I10 -> FALSE
A11: 103 | B11: Đang lấy lịch phát sóng cho kênh: Ninh Bình TV (ID: 160) | C11: 590 | D11: AXN HD | E11: =C11 -> 590 | F11: =VLOOKUP(D11,Sheet2!D:E,2,0) -> axnhd | G11: =D11 -> AXN HD | H11: =IFERROR(VLOOKUP(C11,[1]Sheet1!$A:$D,4,0),"") -> https://s2129132.cdn.mytvnet.vn/vimages/68/8a/a7/70/06/6f/68a70-paxnhd-channel-unkn.png | I11: =IFERROR(VLOOKUP(C11,[1]Sheet1!$A:$D,2,0),"") -> AXN HD | J11: =IFERROR(VLOOKUP(C11,[1]Sheet1!$A:$D,3,0),"") -> 0 | K11: =D11=I11 -> TRUE
A12: 151 | B12: Đang lấy lịch phát sóng cho kênh: SCTV4 (ID: 778) | C12: 183 | D12: Bắc Ninh | E12: =C12 -> 183 | F12: =VLOOKUP(D12,Sheet2!D:E,2,0) -> bacninh | G12: =D12 -> Bắc Ninh | H12: =IFERROR(VLOOKUP(C12,[1]Sheet1!$A:$D,4,0),"") -> https://s2129132.cdn.mytvnet.vn/vimages/22/2e/e6/6e/ea/ad/22e6e-pbcninh-channel-unkn.png | I12: =IFERROR(VLOOKUP(C12,[1]Sheet1!$A:$D,2,0),"") -> Bắc Ninh | J12: =IFERROR(VLOOKUP(C12,[1]Sheet1!$A:$D,3,0),"") -> rtp://232.84.3.100:11452 | K12: =D12=I12 -> TRUE
A13: 41 | B13: Đang lấy lịch phát sóng cho kênh: DakLak TV (ID: 162) | C13: 105 | D13: Box Hits | E13: =C13 -> 105 | F13: =VLOOKUP(D13,Sheet2!D:E,2,0) -> boxhits | G13: =D13 -> Box Hits | H13: =IFERROR(VLOOKUP(C13,[1]Sheet1!$A:$D,4,0),"") -> https://s2129132.cdn.mytvnet.vn/vimages/e6/6b/b5/56/68/84/e6b56-pboxhitshd-channel-unkn.png | I13: =IFERROR(VLOOKUP(C13,[1]Sheet1!$A:$D,2,0),"") -> Box Hits (HD) | J13: =IFERROR(VLOOKUP(C13,[1]Sheet1!$A:$D,3,0),"") -> rtp://232.84.1.77:8436 | K13: =D13=I13 -> FALSE
... A153: 42 | B153: Đang lấy lịch phát sóng cho kênh: DakNong TV (ID: 163) | C153: 869 | D153: Woman | E153: =C153 -> 869 | F153: =VLOOKUP(D153,Sheet2!D:E,2,0) -> woman | G153: =D153 -> Woman | H153: =IFERROR(VLOOKUP(C153,[1]Sheet1!$A:$D,4,0),"") -> https://s2129132.cdn.mytvnet.vn/vimages/34/40/05/5b/b7/72/3405b-pwomen-channel-unkn.png | I153: =IFERROR(VLOOKUP(C153,[1]Sheet1!$A:$D,2,0),"") -> Woman | J153: =IFERROR(VLOOKUP(C153,[1]Sheet1!$A:$D,3,0),"") -> rtp://232.84.1.59:8334 | K153: =D153=I153 -> TRUE

Sheet Sheet2
A1: channel id | B1: display-name | C1: channel id | D1: display-name | E1: channel id
A2: <channel id="vtv1hd"> | B2: <display-name>VTV1</display-name> | C2: =MID(A2,FIND("=",A2,1)+2,FIND(">",A2,1)-FIND("=",A2,1)-3) -> vtv1hd | D2: =MID(B2,FIND(">",B2,1)+1,FIND("/",B2,1)-FIND(">",B2,1)-2) -> VTV1 | E2: =C2 -> vtv1hd
A3: <channel id="vtv2hd"> | B3: <display-name>VTV2</display-name> | C3: =MID(A3,FIND("=",A3,1)+2,FIND(">",A3,1)-FIND("=",A3,1)-3) -> vtv2hd | D3: =MID(B3,FIND(">",B3,1)+1,FIND("/",B3,1)-FIND(">",B3,1)-2) -> VTV2 | E3: =C3 -> vtv2hd
A4: <channel id="vtv3hd"> | B4: <display-name>VTV3</display-name> | C4: =MID(A4,FIND("=",A4,1)+2,FIND(">",A4,1)-FIND("=",A4,1)-3) -> vtv3hd | D4: =MID(B4,FIND(">",B4,1)+1,FIND("/",B4,1)-FIND(">",B4,1)-2) -> VTV3 | E4: =C4 -> vtv3hd
A5: <channel id="vtv4hd"> | B5: <display-name>VTV4</display-name> | C5: =MID(A5,FIND("=",A5,1)+2,FIND(">",A5,1)-FIND("=",A5,1)-3) -> vtv4hd | D5: =MID(B5,FIND(">",B5,1)+1,FIND("/",B5,1)-FIND(">",B5,1)-2) -> VTV4 | E5: =C5 -> vtv4hd
A6: <channel id="vietnamtoday"> | B6: <display-name>Vietnam Today</display-name> | C6: =MID(A6,FIND("=",A6,1)+2,FIND(">",A6,1)-FIND("=",A6,1)-3) -> vietnamtoday | D6: =MID(B6,FIND(">",B6,1)+1,FIND("/",B6,1)-FIND(">",B6,1)-2) -> Vietnam Today | E6: =C6 -> vietnamtoday
A7: <channel id="vtv5hd"> | B7: <display-name>VTV5</display-name> | C7: =MID(A7,FIND("=",A7,1)+2,FIND(">",A7,1)-FIND("=",A7,1)-3) -> vtv5hd | D7: =MID(B7,FIND(">",B7,1)+1,FIND("/",B7,1)-FIND(">",B7,1)-2) -> VTV5 | E7: =C7 -> vtv5hd
A8: <channel id="vtv6hd"> | B8: <display-name>VTV6</display-name> | C8: =MID(A8,FIND("=",A8,1)+2,FIND(">",A8,1)-FIND("=",A8,1)-3) -> vtv6hd | D8: =MID(B8,FIND(">",B8,1)+1,FIND("/",B8,1)-FIND(">",B8,1)-2) -> VTV6 | E8: =C8 -> vtv6hd
A9: <channel id="vtv5hdtnb"> | B9: <display-name>VTV5 Tây Nam Bộ</display-name> | C9: =MID(A9,FIND("=",A9,1)+2,FIND(">",A9,1)-FIND("=",A9,1)-3) -> vtv5hdtnb | D9: =MID(B9,FIND(">",B9,1)+1,FIND("/",B9,1)-FIND(">",B9,1)-2) -> VTV5 Tây Nam Bộ | E9: =C9 -> vtv5hdtnb
A10: <channel id="vtv5hdtn"> | B10: <display-name>VTV5 Tây Nguyên</display-name> | C10: =MID(A10,FIND("=",A10,1)+2,FIND(">",A10,1)-FIND("=",A10,1)-3) -> vtv5hdtn | D10: =MID(B10,FIND(">",B10,1)+1,FIND("/",B10,1)-FIND(">",B10,1)-2) -> VTV5 Tây Nguyên | E10: =C10 -> vtv5hdtn
A11: <channel id="vtv7hd"> | B11: <display-name>VTV7</display-name> | C11: =MID(A11,FIND("=",A11,1)+2,FIND(">",A11,1)-FIND("=",A11,1)-3) -> vtv7hd | D11: =MID(B11,FIND(">",B11,1)+1,FIND("/",B11,1)-FIND(">",B11,1)-2) -> VTV7 | E11: =C11 -> vtv7hd
A12: <channel id="vtv8hd"> | B12: <display-name>VTV8</display-name> | C12: =MID(A12,FIND("=",A12,1)+2,FIND(">",A12,1)-FIND("=",A12,1)-3) -> vtv8hd | D12: =MID(B12,FIND(">",B12,1)+1,FIND("/",B12,1)-FIND(">",B12,1)-2) -> VTV8 | E12: =C12 -> vtv8hd
A13: <channel id="vtv9hd"> | B13: <display-name>VTV9</display-name> | C13: =MID(A13,FIND("=",A13,1)+2,FIND(">",A13,1)-FIND("=",A13,1)-3) -> vtv9hd | D13: =MID(B13,FIND(">",B13,1)+1,FIND("/",B13,1)-FIND(">",B13,1)-2) -> VTV9 | E13: =C13 -> vtv9hd
... A250: <channel id="vinhlongradio"> | B250: <display-name>Vĩnh Long Radio</display-name> | C250: =MID(A250,FIND("=",A250,1)+2,FIND(">",A250,1)-FIND("=",A250,1)-3) -> vinhlongradio | D250: =MID(B250,FIND(">",B250,1)+1,FIND("/",B250,1)-FIND(">",B250,1)-2) -> Vĩnh Long Radio | E250: =C250 -> vinhlongradio
